title,snippet,link
Does a powerlifting inspired exercise programme better compliment pain education compared to bodyweight exercise for people with chronic low back pain? A …,the results of this study show both general callisthenic exercise  and powerlifting are beneficial for people with chronic low back pain when paired with pain education  there were no,https://journals.sagepub.com/doi/abs/10.1177/02692155221095484
Safety of powerlifting: A literature review,light of the high general prevalence of low back pain in the population that may have nothing   about back pain may not reveal much about the risk of back pain due to powerlifting  thus,https://www.sciencedirect.com/science/article/pii/S0765159720302069
The influence of powerlifting on pain frequency in the musculoskeletal system,back pain  while in the group g2 it is 54 4   amongst people who complain about back pain  lower back pain   by 88 6  of people experiencing back pain while in the studied group it,https://apcz.umk.pl/JEHS/article/view/6874
Prevalence and consequences of injuries in powerlifting: A cross-sectional study,1 the definition of an injury used in the present study was a condition of pain or impairment of bodily function that affected powerlifters  training but did not prevent or cause,https://journals.sagepub.com/doi/abs/10.1177/2325967118771016
[HTML][HTML] Lumbopelvic movement control in powerlifters with and without low back pain,boxplot of total movement control  mc  test battery score for the powerlifters with low back pain  lbp  and powerlifters without lbp  respectively  there was no statistical difference,https://www.sciencedirect.com/science/article/pii/S1466853X23001451
"[HTML][HTML] More Load, Less Harm? Perceived Harmfulness of Daily Activities and Low Back Pain Beliefs in Weightlifters and Powerlifters",the purpose of this study was to understand how weightlifting powerlifting  wl pl  influences low back pain  lbp  beliefs and pain related fear  and the potential influence of training,https://www.mdpi.com/2076-3417/13/1/220
[HTML][HTML] Powerlifting and Low Back Pain,welcome back to the spineiq back blog  this week  we are summarizing and discussing   of a novel study of powerlifting for chronic low back pain  powerlifting and lifting heavy objects,https://spineiq.org/powerlifting-and-low-back-pain/
[HTML][HTML] Pain-related fear of movement dynamics in individuals with and without low back pain participating in weightlifting and/or powerlifting training,low back pain  lbp  is one of the most common musculoskeletal pain disorders in both sports   this is perhaps not surprising given that high spinal loads    17 000 n  can be,https://journals.plos.org/plosone/article?id=10.1371/journal.pone.0276983
Injuries and overuse syndromes in powerlifting,5     show the allocation of pain during specific exercises  back pain ensued from   affected anatomical sites in weightlifting and powerlifting are shoulder  lower back and knee,https://www.thieme-connect.com/products/ejournals/html/10.1055/s-0031-1277207
[PDF][PDF] A comparison between the squat and the deadlift for lower body strength and power training,lower back pain and were excluded from the study  results indicate that both the squat and the deadlift can result in similar improvement in lower   athletes competing in powerlifting,https://sciendo.com/pdf/10.2478/hukin-2019-0139
Powerlifting,hypertrophy may be a goal of the powerlifting programme  the most commonly injured areas of the body in powerlifting are the shoulder and lower back  in addition to emphasising the,https://www.taylorfrancis.com/chapters/edit/10.4324/9781315542393-35/powerlifting-sean-maloney
Medical history associated with adolescent powerlifting,the incidence and severity of pain in 13 regions of the body  as well as the site and type of powerlifting injury  were investigated  the low back region was shown to be the site with the,https://publications.aap.org/pediatrics/article-abstract/72/5/636/49023
Role of the Flexion Relaxation Phenomenon in the Analysis of Low Back Pain Risk in the Powerlifter: A Proof-of-Principle Study,we included subjects aged from 18 to 40 years without low back pain  lbp   we then stratified the sample as high risk who had a history of lbp  we considered high risk or lbp prone,https://journals.humankinetics.com/view/journals/jsr/aop/article-10.1123-jsr.2023-0244/article-10.1123-jsr.2023-0244.xml
Which patients with low back pain benefit from deadlift training?,a dominating pattern of mechanical low back pain  this study     and pain intensity in patients with mechanical low back pain   physical therapist with powerlifting experience  measures of,https://journals.lww.com/nsca-jscr/FullText/2015/07000/Which_Patients_With_Low_Back_Pain_Benefit_From.6.aspx
"Narrative review of injuries in powerlifting with special reference to their association to the squat, bench press and deadlift",individualized low load motor control exercises and education versus a high load lifting   to improve activity  pain intensity  and physical performance in patients with low back pain  a,https://bmjopensem.bmj.com/content/4/1/e000382.abstract
Pain and injury associated with powerlifting training in visually impaired athletes,occurrence of pain in the shoulder  elbow  lower back  and   shoulder  elbow  lower back  and knee pain observed in the   that has been found in powerlifters  chang  buschbacher,https://journals.sagepub.com/doi/pdf/10.1177/0145482X9909300406
Injuries among weightlifters and powerlifters: a systematic review,injury incidence in weightlifting and powerlifting is similar to other non contact sports and low compared to contact sports  the shoulders  low back and knee regions were the most,https://bjsm.bmj.com/content/51/4/211.short
"Comparison of isolated lumbar extension strength in competitive and noncompetitive powerlifters, and recreationally trained men",low back strength is strongly associated with low back pain  a sport that heavily involves the lower back musculature is powerlifting  in competitive and noncompetitive powerlifters  and,https://journals.lww.com/nsca-jscr/fulltext/2021/03000/Comparison_of_Isolated_Lumbar_Extension_Strength.10.aspx
Range of motion adaptations in powerlifters,in particular  reduced hamstring flexibility has been associated with low back pain and   training on lower extremity rom  chang et al    5   found that powerlifters displayed improved,https://journals.lww.com/nsca-jscr/fulltext/2018/11000/range_of_motion_adaptations_in_powerlifters.4.aspx
[HTML][HTML] Incidence rates and characteristics of abnormal lumbar findings and low back pain in child and adolescent weightlifter: A prospective three-year cohort study,to the musculoskeletal system  growth plate injuries  and low back pain   recently  many   weightlifting causes more low back pain  lbp  than any other sport   however  studies,https://journals.plos.org/plosone/article?id=10.1371/journal.pone.0206125
"[BOOK][B] Powerlifting: The complete guide to technique, training, and competition",of the book powerlifting  many people have asked me   why is it called powerlifting  there   training for a long time go down to as low as 0 08 meters per second and still achieve the lift,https://books.google.com/books?hl=en&lr=&id=M38REAAAQBAJ&oi=fnd&pg=PR1&dq=lower+back+pain+powerlifting&ots=7NYRG_wfVC&sig=sspUzf4wg_v2QT_fD3SmJkhCXTY
Incidence and characteristics of acute and overuse injuries in elite powerlifters,elite powerlifters  a total of n   57 competitive athletes of the german powerlifting federation   most injuries affected the lower back  20 5    elbow  11 2    pelvic region  10 3  and the,https://www.tandfonline.com/doi/abs/10.1080/2331205X.2019.1588192
The correlation between low back pain and strength training in elite athletes: a literature review [La correlación entre el dolor lumbar y el entrenamiento de fuerza en …,to analyse the correlation between low back pain and athletes who practice sports where strength training programs  a narrative review was conducted by two independent author,https://boa.unimib.it/handle/10281/414077
[PDF][PDF] Influence of Lumbopelvic Stability on Deadlift Performance in Competitive Powerlifters,the following were the exclusion criteria  low back pain in the past three months  significant spinal deformity  current urinary tract infection  history of surgery in the lumbopelvic area  or,https://www.academia.edu/download/96924855/14b8cc61ca6138aa136c8d85ec97a3968510.pdf
[PDF][PDF] Low Back Pain in Weightlifters: Personalised Exercise Protocols for Elite Athletes.,background  most of us has experienced low back pain  lbp  at least one time during his life  but there is no knowledge on weightlifting athletes  indeed  lbp is one of the most,https://www.researchgate.net/profile/Nicola-Maffulli/publication/371218974_Low_Back_Pain_in_Weightlifters_Personalised_Exercise_Protocols_for_Elite_Athletes/links/64918f1f8de7ed28ba3f6036/Low-Back-Pain-in-Weightlifters-Personalised-Exercise-Protocols-for-Elite-Athletes.pdf
"[PDF][PDF] Research of the Causes, Localization and Manifestations of Back Pain in Women-Athletes Weightlifting",if they have an insufficiently developed muscular  corset  of the back and lumbar region   as a result  they often have back pain  often in the thoracic spine  lumbar and lumbosacral,https://ecronicon.net/assets/ecor/pdf/ECOR-12-00833.pdf
Development of A Training And Injury Log For Powerlifting: A Feasibility Study,of powerlifting  currently training with the goal of competing   powerlifting and having current low back pain which caused them pain and or limited their ability to perform the powerlifting,https://www.diva-portal.org/smash/record.jsf?pid=diva2:1786373
Low back pain among retired wrestlers and heavyweight lifters,the lifetime incidence and prevalence of low back pain was   a higher frequency of low back pain  a significant decrease   calculations of the loads achieved during powerlifting have,https://journals.sagepub.com/doi/abs/10.1177/036354658801600517
The effect of increasing loading on powerlifting movement form during the squat and deadlift,the studies conclude that lower back injuries comprise a very high prevalence of injuries for powerlifting athletes of between 33   47  of total injuries  keogh et al   2006  raske   norlin,https://rua.ua.es/dspace/handle/10045/57514
[CITATION][C] Overcoming Back Pain: a Mind-Body Solution,,No link available
Safety of powerlifting: A literature review,in conclusion  the injury rate in powerlifting was low compared with other sports  about 1 0 4 4 1000 hours  most injuries were found in shoulders  lower back  elbows and knees,https://www.sciencedirect.com/science/article/pii/S0765159720302069
Injuries and overuse syndromes in powerlifting,however  underlining our results  the most affected anatomical sites in weightlifting and powerlifting are shoulder  lower back and knee   the access to medical support seems to be,https://www.thieme-connect.com/products/ejournals/html/10.1055/s-0031-1277207
Injuries among weightlifters and powerlifters: a systematic review,in this review  shoulder injuries were more common among powerlifters than weightlifters  a possible explanation may be the bench press exercise  green and comfort37 describes,https://bjsm.bmj.com/content/51/4/211.short
Prevalence and consequences of injuries in powerlifting: A cross-sectional study,in a previous questionnaire study  18 it was shown that the prevalence of shoulder injuries varies with the competitive standard  but no such comparison could be made in our study,https://journals.sagepub.com/doi/abs/10.1177/2325967118771016
"Narrative review of injuries in powerlifting with special reference to their association to the squat, bench press and deadlift",injuries to the shoulder area 16 the reason for this belief is often explained with the fact that the lift involves high loads of the shoulder   as grip width  shoulder position and arching of the,https://bmjopensem.bmj.com/content/4/1/e000382.abstract
The epidemiology of injuries in powerlifting at the L ondon 2012 P aralympic G ames: An analysis of 1411 athlete‐days,as a shoulder clavicle injury in this study  the clinical documentation system that has been in place at the games does not allow for more specific information regarding the nature of,https://onlinelibrary.wiley.com/doi/abs/10.1111/sms.12554
Powerlifting,the powerlifting programme  the most commonly injured areas of the body in powerlifting are the shoulder and   to mitigate the risk of injury  there are common features to all successful,https://www.taylorfrancis.com/chapters/edit/10.4324/9781315542393-35/powerlifting-sean-maloney
Shoulder injuries attributed to resistance training: a brief review,for the purpose of this review  the term  shoulder injury  refers to any acute or chronic shoulder disorder that manifests as pain or interferes with the performance of rt participation,"https://journals.lww.com/nsca-jscr/fulltext/2010/06000/Injury_rates_from_walking,_gardening,.00036.aspx"
"Shouldering the load: A scoping review of incidence, types, and risk factors of shoulder injuries in weight-lifting athletes",injuries  mainly to the shoulder  in this review  we aimed to explore the epidemiology of shoulder injuries   in germany regarding acute and overuse injuries 57 elite powerlifters  52 male,https://journals.sagepub.com/doi/abs/10.1177/17585732241258743
Range of motion adaptations in powerlifters,in shoulder injuries related to repetitive stress   35 40    shoulder injuries are the most common in powerlifters   1 17 33   with 53 1  of powerlifters reporting past episodes of shoulder,https://journals.lww.com/nsca-jscr/fulltext/2018/11000/range_of_motion_adaptations_in_powerlifters.4.aspx
Injury incidence and prevalence among elite weight and power lifters,might provoke shoulder injury  information   shoulder injuries present among athletes who did or did not use the particular movements  no difference in the incidence of shoulder injuries,https://journals.sagepub.com/doi/abs/10.1177/03635465020300021701
Incidence and characteristics of acute and overuse injuries in elite powerlifters,injury in german elite powerlifters  a total of n   57 competitive athletes of the german powerlifting   maybe a shorter bar path with less shoulder abduction and a different force curve in a,https://www.tandfonline.com/doi/abs/10.1080/2331205X.2019.1588192
Injury epidemiology and preparedness in powerlifting at the Rio 2016 Paralympic games: an analysis of 1410 athlete‐days,most commonly injured anatomical region was the shoulder    in injury patterns between male and female powerlifters  irr   para powerlifting is one of the highest risk sports for shoulder,https://onlinelibrary.wiley.com/doi/abs/10.1002/tsm2.107
Powerlifting in Adaptive Sports,injuries accounted for 71 1  of the total injuries experienced by the powerlifters at the games  this was then subdivided to shoulder being the most common region being injuries at 31 6,https://link.springer.com/chapter/10.1007/978-3-031-44285-8_28
[CITATION][C] Wretched Shoulders-Powerlifting: 1263,,No link available
[PDF][PDF] Isokinetic strength of shoulder rotator muscles in powerlifters: Correlation between isometric and concentric muscle actions,in fact  shoulder injuries are common in powerlifters and   shoulder rotators strength in powerlifters  thus  the aim of this study was to assess the shoulder rotators strength in powerlifters,https://www.researchgate.net/profile/Pierre-Marc-Ferland-2/publication/349848376_Isokinetic_strength_of_shoulder_rotator_muscles_in_powerlifters_correlation_between_isometric_and_concentric_muscle_actions/links/650084dff8931a4e29bb1512/Isokinetic-strength-of-shoulder-rotator-muscles-in-powerlifters-correlation-between-isometric-and-concentric-muscle-actions.pdf
Medical history associated with adolescent powerlifting,the population sustained 98 powerlifting injuries which caused   powerlifting injury  were investigated  the low back region was shown to be the site with the greatest number of injuries,https://publications.aap.org/pediatrics/article-abstract/72/5/636/49023
Injury in CrossFit®: a systematic review of epidemiology and risk factors,crossfit  training has an injury incidence rate similar to weightlifting and powerlifting  findings from the studies suggest that the most affected areas are shoulder  spine  and knee  the,https://www.tandfonline.com/doi/abs/10.1080/00913847.2020.1864675
Injuries and overuse syndromes in competitive and elite bodybuilding,in the current investigation is lower than rates cited for weightlifting  powerlifting or   patterns similar to our own results with reported injuries in the lower back  shoulder and bicep and,https://www.thieme-connect.com/products/ejournals/html/10.1055/s-0034-1367049
Coping with injury in powerlifting: Stress-injury model perspective,powerlifting  the purpose of this thesis was to examine competition and life stressors  experiences related to injury  and coping mechanisms in competitive powerlifters     injury model as,https://jyx.jyu.fi/handle/123456789/54461
Pain and injury associated with powerlifting training in visually impaired athletes,that powerlifting training as performed by visually impaired athletes is associated with an elevated occurrence of pain in the shoulder  the cause of the heightened shoulder  elbow  lower,https://journals.sagepub.com/doi/pdf/10.1177/0145482X9909300406
Weightlifting,the risk of shoulder injury is increased when the shoulder   found more shoulder injuries in competitive powerlifters in   the bench press may predispose powerlifters to rotator cuff injuries,https://link.springer.com/chapter/10.1007/978-3-030-66321-6_32
The epidemiology of injuries across the weight-training sports,who examined the retrospective injury epidemiology of 71 adolescent powerlifters aged 14 19   the finding that shoulder injuries accounted for a high percentage of all weight training,https://link.springer.com/article/10.1007/s40279-016-0575-0?__s=qqqhhdbi7bnenmayg3dr&error=cookies_not_supported&code=fd635d14-4c96-4e4f-8150-70ad85c83413
Injuries in strength training: review and practical application,by shoulders and knees are most frequently injuries in st    to severity injury because of the way of assessing injuries  for   powerlifting movement suggests that the majority of injuries in,http://eurjhm.com/index.php/eurjhm/article/view/318
Retrospective injury epidemiology of strongman athletes,for masters powerlifters   40 years  who had comparable injury severity to open aged   the highest amount of shoulder injuries in the current study  the risk of shoulder injury may be,https://journals.lww.com/nsca-jscr/fulltext/2014/01000/Retrospective_Injury_Epidemiology_of_Strongman.5.aspx
BODYBUILDING AND POWERLIFTING: HARM OR BENEFIT?,it should be given some figures of shoulder injuries in bodybuilding and powerlifting taken   of the injuries and overuse in bodybuilding and powerlifting are affecting the shoulder joint,https://elibrary.ru/item.asp?id=29086338
An evaluation of agonist: antagonist strength ratios and posture among powerlifters,shoulder  which may occur during the course of weeks or months during training   4    although the powerlifters in the present study were free of injury   risk of shoulder injuries exhibited,https://journals.lww.com/nsca-jscr/FullText/2017/02000/An_Evaluation_of_Agonist__Antagonist_Strength.3.aspx
"[PDF][PDF] Incidences of injuries and the difference in sleep, stress and physical activity among powerlifters.: A retrospective study",of injury  it was unclear whether if the stress was a risk factor or associated with injuries among the powerlifters in   the data also suggest participants with shoulder injury slept less on,https://www.diva-portal.org/smash/get/diva2:1452602/FULLTEXT01.pdf
The influence of powerlifting on pain frequency in the musculoskeletal system,by siewe et al  on injuries and overtraining in powerlifting   at   of injuries in powerlifting training is not higher than   within the shoulder girdle is an important element in shoulder joint,https://apcz.umk.pl/JEHS/article/view/6874
"[DOC][DOC] Retrospective injury epidemiology of competitive powerlifters: The effect of age, body mass, competitive standard and gender.",the true rate of injuries attributed to specific powerlifting   the relatively high proportion of cross training injuries  these   the majority of powerlifting injuries affected the shoulder and,https://www.researchgate.net/profile/Justin-Keogh/publication/6850671_Retrospective_Injury_Epidemiology_of_One_Hundred_One_Competitive_Oceania_Power_Lifters_The_Effects_of_Age_Body_Mass_Competitive_Standard_and_Gender/links/54d4572a0cf2970e4e6311f4/Retrospective-Injury-Epidemiology-of-One-Hundred-One-Competitive-Oceania-Power-Lifters-The-Effects-of-Age-Body-Mass-Competitive-Standard-and-Gender
Injuries among weightlifters and powerlifters: a systematic review,in this systematic review  injury incidence in weightlifting and powerlifting is similar to other non   the shoulders  low back and knee regions were the most common injury localisations,https://bjsm.bmj.com/content/51/4/211.short
Safety of powerlifting: A literature review,the literature concerning powerlifting injuries  focusing on the injury rates  areas of injury  and   shoulder  low back and knees were the areas where more injuries were reported for elite,https://www.sciencedirect.com/science/article/pii/S0765159720302069
Prevalence and consequences of injuries in powerlifting: A cross-sectional study,injuries and possible risk factors for an injury in powerlifters showed that injury rates in powerlifting   powerlifters with a current knee injury used lifting straps more frequently  n   9  mean,https://journals.sagepub.com/doi/abs/10.1177/2325967118771016
Injuries and overuse syndromes in powerlifting,in weightlifting and powerlifting are shoulder  lower back and knee   the access to medical support seems to be relevant for preventing injuries of the knee compared to athletes who,https://www.thieme-connect.com/products/ejournals/html/10.1055/s-0031-1277207
"Narrative review of injuries in powerlifting with special reference to their association to the squat, bench press and deadlift",about specific injuries and the injury aetiology associated   between the powerlifting exercises and the specific injuries or   with knee meniscus injuries and four lifters with lumbosacral,https://bmjopensem.bmj.com/content/4/1/e000382.abstract
Classic powerlifting performance: A systematic review,to preventing injuries  since a fair amount of powerlifters seem to train injured and prioritize a   muscle strength measured by isokinetic knee extension showed that powerlifters were,https://journals.lww.com/nsca-jscr/fulltext/2019/07001/Classic_Powerlifting_Performance__A_Systematic.21.aspx
Powerlifting,the hips and knees  descending until the top surface of the leg is lower than the knee  the   the most commonly injured areas of the body in powerlifting are the shoulder and lower back,https://www.taylorfrancis.com/chapters/edit/10.4324/9781315542393-35/powerlifting-sean-maloney
Medical history associated with adolescent powerlifting,the population sustained 98 powerlifting injuries which caused   powerlifting injury  were investigated  the low back region was shown to be the site with the greatest number of injuries,https://publications.aap.org/pediatrics/article-abstract/72/5/636/49023
Range of motion adaptations in powerlifters,powerlifters using goniometric analysis at the gh  hip  knee    lead to rom adaptations in powerlifters  such as stretching   and potentially prevent injury in powerlifters  the limitations of,https://journals.lww.com/nsca-jscr/fulltext/2018/11000/range_of_motion_adaptations_in_powerlifters.4.aspx
Injury in CrossFit®: a systematic review of epidemiology and risk factors,knee injuries resulting in surgery   in order to reducing knee injuries associated with powerlifting   progressive loads seems to enough to protect knee structures,https://www.tandfonline.com/doi/abs/10.1080/00913847.2020.1864675
Incidence and characteristics of acute and overuse injuries in elite powerlifters,injury in german elite powerlifters  a total of n   57 competitive athletes of the german powerlifting   usage of baby powder or knee long socks conforming to competition rules is an easy,https://www.tandfonline.com/doi/abs/10.1080/2331205X.2019.1588192
Injury incidence and prevalence among elite weight and power lifters,the weight lifters we studied frequently had knee injuries  even though they do not compete in the squat movement  however  they do perform the same movement  a very deep,https://journals.sagepub.com/doi/abs/10.1177/03635465020300021701
"A biomechanical comparison of the traditional squat, powerlifting squat, and box squat",were instructed to let the knee travel past the toes during the   of the hip during the powerlifting squat and box squat  these   injuries when performing variations such as the powerlifting,https://journals.lww.com/nsca-jscr/fulltext/2012/07000/A_Biomechanical_Comparison_of_the_Traditional.10.asp
[PDF][PDF] Knee biomechanics of the dynamic squat exercise,knee joint loads in world class powerlifters during the ascent portion of the powerlifting   the superior patella  in a world class powerlifter injured in competition while lifting a 382 5 kg load,https://www.treinamentoesportivo.com/wp-content/uploads/2012/10/ARTIGO-AGACHAMENTO-02.pdf
Coping with injury in powerlifting: Stress-injury model perspective,mechanisms used by competitive powerlifters in stressful and injury events  the stressors   other injuries included hip  glutes  hamstring  wrist and knee  participants were asked to,https://jyx.jyu.fi/handle/123456789/54461
The epidemiology of injuries across the weight-training sports,who examined the retrospective injury epidemiology of 71 adolescent powerlifters aged 14   frequency of knee injuries for some of the weight training sports  including powerlifting and,https://link.springer.com/article/10.1007/s40279-016-0575-0?__s=qqqhhdbi7bnenmayg3dr&error=cookies_not_supported&code=fd635d14-4c96-4e4f-8150-70ad85c83413
Pain and injury associated with powerlifting training in visually impaired athletes,lower back  and knee regions that is   knee pain observed in the present study was not assessed  however  it may be the result of the reduced flexibility that has been found in powerlifters,https://journals.sagepub.com/doi/pdf/10.1177/0145482X9909300406
Content validity index and reliability of a new protocol for evaluation of lifting technique in the powerlifting squat and deadlift,powerlifters showed injuries to be very common with 70  of the lifters reporting being injured at the time and 87  having experienced injury   such as knee sleeves and powerlifting belts,https://journals.lww.com/nsca-jscr/fulltext/2020/09000/Content_Validity_Index_and_Reliability_of_a_New.17.aspx
Comparison of muscle strength imbalance in powerlifters and jumpers,extension or knee flexion was associated with a higher risk for injury   7      injury   8 18    although others have questioned whether there is a link between muscle imbalance and injury,https://journals.lww.com/nsca-jscr/fulltext/2014/01000/Comparison_of_Muscle_Strength_Imbalance_in.4.aspx
"[BOOK][B] Powerlifting: The complete guide to technique, training, and competition",knees rack lockout at the knees rack pull below the knees   all powerlifters spend a lot of time researching exercises and   and be less likely to get injured  this chapter introduces you to,https://books.google.com/books?hl=en&lr=&id=M38REAAAQBAJ&oi=fnd&pg=PR1&dq=knee+injury+powerlifting&ots=7NYRG_wfVK&sig=XabmZQKd6j9EXGyaKlC1ZPRZObE
Mechanics of the knee: a study of joint and muscle load with clinical applications,during the parallel squat in powerlifting  the maximum flexing knee load moment was   3  in rehabilitation  to individualize and optimize physical therapy without risks for damaged  injured,https://www.tandfonline.com/doi/abs/10.3109/17453678509154159
"A biomechanical analysis of the squat between competitive collegiate, competitive high school, and novice powerlifters",powerlifting competitions and as part of a strength training regimen  previous literature in the area of powerlifting focuses on knee mechanics because an elevated risk of injury to this,https://journals.lww.com/nsca-jscr/fulltext/2009/08000/Effects_of_technique_variations_on_knee.00036.aspx
The effect of increasing loading on powerlifting movement form during the squat and deadlift,capsule injuries are particularly high in powerlifting athletes  approximately 30  of total injuries   similarly  the lower back and knees may be injured from increased moment arms putting,https://rua.ua.es/dspace/handle/10045/57514
Development of A Training And Injury Log For Powerlifting: A Feasibility Study,the injury incidence in powerlifting is 1 4 4 injuries 1000 hours of training  1  2   this is similar to weightlifting with an injury incidence of 2 3 3 3 injuries  injuries 1000 hours of training  3,https://www.diva-portal.org/smash/record.jsf?pid=diva2:1786373
Injuries and overuse syndromes in competitive and elite bodybuilding,in the current investigation is lower than rates cited for weightlifting  powerlifting or   to our own results with reported injuries in the lower back  shoulder and bicep and knees   these,https://www.thieme-connect.com/products/ejournals/html/10.1055/s-0034-1367049
Injuries in strength training: review and practical application,knees are most frequently injuries   injury because of the way of assessing injuries  for example  studies in crossfit that used powerlifting movement suggests that the majority of injuries,http://eurjhm.com/index.php/eurjhm/article/view/318
Effects of multimodal intervention program among elite weightlifters with knee pain,risk among the weightlifters especially in the load bearing joints such as the knee joint which   acute knee injuries are reported to occur during the deep squat position of the knee joint,https://research.brighton.ac.uk/en/publications/effects-of-multimodal-intervention-program-among-elite-weightlift
[PDF][PDF] A COMPREHENSIVE STUDY OF POWERLIFTING AND WEIGHTLIFTING TECHNIQUES AND INJURIES TO ATHLETES,to study the powerlifting   weightlifting techniques and injuries of   the population of this study is powerlifting and weightlifting   most injured part in powerlifting   weightlifting is the knee,https://www.wiidrj.com/_files/ugd/622008_471b50083f0b4dc891ac5f016ac2be02.pdf#page=62
The influence of powerlifting on pain frequency in the musculoskeletal system,then the lifter bends the knees and lowers   injuries and overtraining in powerlifting   at the same time  the authors of this paper point out that the occurrence of injuries in powerlifting,https://apcz.umk.pl/JEHS/article/view/6874
THE HISTORY OF THE ORIGIN AND DEVELOPMENT OF THE SPORT OF POWERLIFTING.,in some federations  knee wraps are permitted in the equipped but not unequipped   powerlifting categories were added to the tokyo paralympic games for men with spinal cord injuries,http://econferences.ru/index.php/arims/article/view/1910
Injuries and overuse syndromes in powerlifting,5     show the allocation of pain during specific exercises  back pain ensued from squats and dead lifts  arm shoulder and hand wrist pain was noticed during the bench press,https://www.thieme-connect.com/products/ejournals/html/10.1055/s-0031-1277207
A Cross-Sectional Examination of Wrist Wrap Use Prevalence and Characterization for Ergogenic Purposes in Actively Competing Powerlifters,wrist wrap relationships  actively competing powerlifters nonetheless prominently utilize wraps across the regions assessed  therefore  the potential for wrist   pain during resisted wrist,https://digitalcommons.lindenwood.edu/faculty-research-papers/469/
A Cross-Sectional Examination of Wrist Wrap Use Prevalence and Characterization for Ergogenic Purposes in Actively Competing Powerlifters,wrist wrap relationships  actively competing powerlifters nonetheless prominently utilize wraps across the regions assessed  therefore  the potential for wrist   pain during resisted wrist,https://journal.iusca.org/index.php/Journal/article/view/185
Powerlifting,this chapter will focus solely on the sport of  classic  powerlifting  powerlifting is not an olympic   whilst a number of worldwide powerlifting federations exist  the international powerlifting,https://www.taylorfrancis.com/chapters/edit/10.4324/9781315542393-35/powerlifting-sean-maloney
Weightlifting,pain accounts for 50  of injuries in adolescent powerlifting   be pain with passive wrist extension or resisted wrist flexion   is typically pain with passive wrist flexion and or resisted wrist,https://link.springer.com/chapter/10.1007/978-3-030-66321-6_32
[HTML][HTML] Changing concepts for the diagnosis of carpal tunnel syndrome in powerlifting athletes with disabilities,powerlifting  1 1 rettig ac  athletic injuries of the wrist and hand  part ii  overuse injuries of the wrist     262 273 and powerlifters have reported that the hand and wrist pain is worse in the,https://www.scielo.br/j/rbort/a/tRKHzBz8B9Qnr775MdvStKH/?format=html&lang=en
Injuries among weightlifters and powerlifters: a systematic review,it should  however  also be said that the relevance of these possible explanations in relation to shoulder pain in weightlifting or powerlifting has not  to the best of our knowledge  been,https://bjsm.bmj.com/content/51/4/211.short
Prevalence and consequences of injuries in powerlifting: A cross-sectional study,whereas a study of powerlifters in germany 25 found an increase of wrist injuries in women    a condition of pain or impairment of bodily function that affected powerlifters  training but did,https://journals.sagepub.com/doi/abs/10.1177/2325967118771016
Medical history associated with adolescent powerlifting,the population sustained 98 powerlifting injuries which caused a discontinuance of training   severity of pain in 13 regions of the body  as well as the site and type of powerlifting injury,https://publications.aap.org/pediatrics/article-abstract/72/5/636/49023
Weightlifting,powerlifting is a specific type of weightlifting  the goal of powerlifting centers on lifting the maximum weight for one   wrist sprains and tendonitis occur as a result of the repetitive,https://link.springer.com/chapter/10.1007/978-3-030-36790-9_77
[CITATION][C] Wretched Shoulders-Powerlifting: 1263,,No link available
Safety of powerlifting: A literature review,an injury was defined as a condition of pain or impairment of bodily function that affects powerlifters  training  the other studies defined an injury as one that forced the,https://www.sciencedirect.com/science/article/pii/S0765159720302069
"Narrative review of injuries in powerlifting with special reference to their association to the squat, bench press and deadlift",pain that is associated with powerlifting movements  when encountering these athletes  an understanding of the aetiology of the pain   thoracic region8 and hand wrist 3 while men seem,https://bmjopensem.bmj.com/content/4/1/e000382.abstract
Incidence and characteristics of acute and overuse injuries in elite powerlifters,pain and injury associated with powerlifting training in visually impaired athletes  journal of visual impairment   blindness  93 4   236 241  retrieved from https   eric ed gov  id,https://www.tandfonline.com/doi/abs/10.1080/2331205X.2019.1588192
Injuries and overuse syndromes in competitive and elite bodybuilding,shows the localization of pain during specific exercises  powerlifting disciplines   pain was induced by squats  dead lifts  and other exercises  arm shoulder and hand wrist pains,https://www.thieme-connect.com/products/ejournals/html/10.1055/s-0034-1367049
"[BOOK][B] Powerlifting: The complete guide to technique, training, and competition",of the book powerlifting  many people have asked me   why is it called powerlifting  there   move more weight fast  so that s where the power comes in and why it s called powerlifting,https://books.google.com/books?hl=en&lr=&id=M38REAAAQBAJ&oi=fnd&pg=PR1&dq=wrist+pain+powerlifting&ots=7NYRG_wgME&sig=kZUXbxVF6hCWtpLiSoinRzhqJ9M
Common orthopaedic injuries in crossfit athletes,leading to hand and wrist injuries were olympic lifting and powerlifting exercises  likely   patients present with ulnar sided wrist pain that is worse with ulnar deviation and pronation  pain,https://journals.lww.com/jaaos/fulltext/2023/06010/common_orthopaedic_injuries_in_crossfit_athletes.5.aspx
[PDF][PDF] Investigating the Injuries in Elite Greek Powerlifting Athletes with Disabilities,of powerlifters on the bench reported injuries  during the bench press event the most common source of pain   sprains in the wrist and fractures in the finger joints were the most common,https://www.academia.edu/download/64884449/1179451229.pdf
Radial tunnel syndrome in an elite power athlete: a case of direct compressive neuropathy,wrist  causing approximation of the brachioradialis and biceps  he remembered having similar pain years ago while training for a powerlifting   there was pain and tenderness on deep,https://onlinelibrary.wiley.com/doi/abs/10.1046/j.1529-8027.2002.02030.x
Pain and injury associated with powerlifting training in visually impaired athletes,with an elevated occurrence of pain in the   pain observed in the present study was not assessed  however  it may be the result of the reduced flexibility that has been found in powerlifters,https://journals.sagepub.com/doi/pdf/10.1177/0145482X9909300406
[PDF][PDF] A COMPREHENSIVE STUDY OF POWERLIFTING AND WEIGHTLIFTING TECHNIQUES AND INJURIES TO ATHLETES,the purpose of this research was to study the powerlifting   weightlifting techniques   powerlifting and weightlifting players and coaches from pune district  50 weightlifting   powerlifting,https://www.wiidrj.com/_files/ugd/622008_471b50083f0b4dc891ac5f016ac2be02.pdf#page=62
[BOOK][B] The Powerlifting Manual,powerlifters are always looking for ways to improve their totals  it is with this thought in mind that i have written this training manual  the majority of this manual will deal exclusively with,https://books.google.com/books?hl=en&lr=&id=vKxWEAAAQBAJ&oi=fnd&pg=PA2&dq=wrist+pain+powerlifting&ots=EzbZEF2ZFl&sig=DTfH3C8qBWP2jVRsjuvd1QwxSBI
[HTML][HTML] Lumbopelvic movement control in powerlifters with and without low back pain,2   and wrist  n   1   the group of powerlifters without lbp had musculoskeletal pain in the   test battery score for the powerlifters with low back pain  lbp  and powerlifters without lbp,https://www.sciencedirect.com/science/article/pii/S1466853X23001451
Weightlifting,scaphoid fractures can commonly occur during forceful wrist hyperextension from elbow touch at the bottom of the clean lift  they can also be seen in powerlifting during the bench press,https://www.sciencedirect.com/science/article/pii/B9780323999922000529
[CITATION][C] FOREARM HYPERTROPHY,,No link available
"[PDF][PDF] Incidences of injuries and the difference in sleep, stress and physical activity among powerlifters.: A retrospective study",was a risk factor or associated with injuries among the powerlifters in the present study    was a condition of pain or impairment of the bodily function that affected powerlifters training,https://www.diva-portal.org/smash/get/diva2:1452602/FULLTEXT01.pdf
Weight Lifting in Adaptive Sport,olecranon bursitis  and low back pain  the treatment is based   powerlifting classifications are regulated by ipc powerlifting    padded and extend above the wrist  although the efficacy of,https://link.springer.com/chapter/10.1007/978-3-319-56568-2_26
[PDF][PDF] The Epidemiology of Injuries Across the Weight Training Sports: A Systematic Review,the shoulder  lower back  knee  elbow and wrist hand   powerlifting is similar to weightlifting  with lifters attempting to lift the maximum loads for one repetition  however  in powerlifting,https://www.researchgate.net/profile/Paul-Winwood/publication/303862501_THE_EPIDEMIOLOGY_OF_INJURIES_ACROSS_THE_WEIGHT_TRAINING_SPORTS_A_SYSTEMATIC_REVIEW/links/59eeeca7a6fdcc32187ddde9/THE-EPIDEMIOLOGY-OF-INJURIES-ACROSS-THE-WEIGHT-TRAINING-SPORTS-A-SYSTEMATIC-REVIEW.pdf
The epidemiology of injuries in powerlifting at the L ondon 2012 P aralympic G ames: An analysis of 1411 athlete‐days,among paralympic powerlifters  athletes competing in the sport of powerlifting were followed   shoulder pain and elbow pain have been identified to be more common in master class,https://onlinelibrary.wiley.com/doi/abs/10.1111/sms.12554
Common injuries related to weightlifting: MR imaging perspective,some world records in powerlifting exceed the   or wrist curls can elicit development of intersection syndrome  characterized by pain and swelling along the volar radial aspect of the wrist,https://www.thieme-connect.com/products/ejournals/html/10.1055/s-2005-923375
Injuries and overuse syndromes in powerlifting,focused on pain encountered during routine training  the aim of the study was to identify such pain    eccentric and concentric contractions occur alternately in the elbow extensors and,https://www.thieme-connect.com/products/ejournals/html/10.1055/s-0031-1277207
The influence of powerlifting on pain frequency in the musculoskeletal system,then  the lifter moves the bar from the racks and waits in the starting position with the elbows   after that the lifter shall return the bar to straight arms and elbows locked  just like in squats,https://apcz.umk.pl/JEHS/article/view/6874
Safety of powerlifting: A literature review,objective while powerlifting is a popular sport  there may be some safety concerns due to the repeated high loads  this literature review focuses on injury rates  areas of injury and,https://www.sciencedirect.com/science/article/pii/S0765159720302069
Weightlifting,elbow injuries occurred equally in competitive powerlifters     where ligamentous injuries to the elbow are common  there   athletes may present with medial or lateral elbow pain that,https://link.springer.com/chapter/10.1007/978-3-030-66321-6_32
Powerlifting,powerlifting requires athletes to lift the maximum possible weight across the squat  bench   powerlifters seek to minimise range of motion and joint moment arms to reduce the,https://www.taylorfrancis.com/chapters/edit/10.4324/9781315542393-35/powerlifting-sean-maloney
"Narrative review of injuries in powerlifting with special reference to their association to the squat, bench press and deadlift",furthermore  four cases of triceps tendon ruptures were identified 46 54 of which three had been using oral anabolic steroids and had reported preceding chronic elbow pain before the,https://bmjopensem.bmj.com/content/4/1/e000382.abstract
Range of motion adaptations in powerlifters,of shoulder and elbow flexion required for the apley scratch test   3 16 41    furthermore  elite powerlifters possessed more than a 2 fold increase in powerlifting experience  measured,https://journals.lww.com/nsca-jscr/fulltext/2018/11000/range_of_motion_adaptations_in_powerlifters.4.aspx
Medical history associated with adolescent powerlifting,the population sustained 98 powerlifting injuries which caused a discontinuance of training   severity of pain in 13 regions of the body  as well as the site and type of powerlifting injury,https://publications.aap.org/pediatrics/article-abstract/72/5/636/49023
Injuries among weightlifters and powerlifters: a systematic review,it should  however  also be said that the relevance of these possible explanations in relation to shoulder pain in weightlifting or powerlifting has not  to the best of our knowledge  been,https://bjsm.bmj.com/content/51/4/211.short
Incidence and characteristics of acute and overuse injuries in elite powerlifters,the aim of this study was the analysis of incidence and type of injury in german elite powerlifters  a total of n   57 competitive athletes of the german powerlifting federation completed a,https://www.tandfonline.com/doi/abs/10.1080/2331205X.2019.1588192
Powerlifting in Adaptive Sports,injuries experienced by the powerlifters at the games  this was then subdivided to shoulder being the most common region being injuries at 31 6   followed by elbow and chest both at,https://link.springer.com/chapter/10.1007/978-3-031-44285-8_28
Prevalence and consequences of injuries in powerlifting: A cross-sectional study,1 the definition of an injury used in the present study was a condition of pain or impairment of bodily function that affected powerlifters  training but did not prevent or cause,https://journals.sagepub.com/doi/abs/10.1177/2325967118771016
Pain and injury associated with powerlifting training in visually impaired athletes,elevated occurrence of pain in the shoulder  elbow  lower back    shoulder  elbow  lower back  and knee pain observed in the   that has been found in powerlifters  chang  buschbacher,https://journals.sagepub.com/doi/pdf/10.1177/0145482X9909300406
The epidemiology of injuries in powerlifting at the L ondon 2012 P aralympic G ames: An analysis of 1411 athlete‐days,shoulder pain and elbow pain have been identified to be more common in master class athletes  veteran athletes over the age of 40 years old  in able bodied powerlifting  siewe et al,https://onlinelibrary.wiley.com/doi/abs/10.1111/sms.12554
"[BOOK][B] Powerlifting: The complete guide to technique, training, and competition",bryan mann to offer the most comprehensive powerlifting resource available  this no   to powerlifting success  the second edition has been updated to address female powerlifters and,https://books.google.com/books?hl=en&lr=&id=M38REAAAQBAJ&oi=fnd&pg=PR1&dq=elbow+pain+powerlifting&ots=7NYRG_wgMJ&sig=-P7vM9oDSOdRo2j59mrJn-__PVI
Elbow injuries at the London 2012 Summer Olympic Games: demographics and pictorial imaging review,13  20 year old female shooting athlete with acute and chronic elbow pain  case 11   axial proton density weighted fat saturated mri shows edema surrounding brachialis tendon,https://ajronline.org/doi/abs/10.2214/AJR.13.10897
Upper extremity muscle activity and joint loading changes between the standard and powerlifting bench press techniques,powerlifters often adopt non standard techniques to potentially enhance maximal capability    and joint loading differences between the powerlifting  arch  and standardised techniques,https://www.tandfonline.com/doi/abs/10.1080/02640414.2022.2046937
Injuries and overuse syndromes in competitive and elite bodybuilding,shows the localization of pain during specific exercises  powerlifting disciplines     24  33 8   bodybuilders reported previous injuries of the elbow region  pain nos was listed,https://www.thieme-connect.com/products/ejournals/html/10.1055/s-0034-1367049
Association between ACE I/D polymorphism and powerlifting performance,federation were used as the performance index for powerlifters  all powerlifters participating in   when the elbows were lower than the line connecting both shoulders  it was judged as,https://www.jstage.jst.go.jp/article/jpfsm/11/6/11_420/_article/-char/ja/
[PDF][PDF] Isokinetic strength of shoulder rotator muscles in powerlifters: Correlation between isometric and concentric muscle actions,the barbell is lowered and smoothly paused at the chest and then pressed upward until the elbows are fully extended  powerlifters are known to use a different technique than,https://www.researchgate.net/profile/Pierre-Marc-Ferland-2/publication/349848376_Isokinetic_strength_of_shoulder_rotator_muscles_in_powerlifters_correlation_between_isometric_and_concentric_muscle_actions/links/650084dff8931a4e29bb1512/Isokinetic-strength-of-shoulder-rotator-muscles-in-powerlifters-correlation-between-isometric-and-concentric-muscle-actions.pdf
Ruptured triceps in a powerlifter presenting as cubital tunnel syndrome: a case report,history of increasing pain in the left elbow  specifically related to using the triceps mechanism  he had been a national class powerlifter for several years  initially  the pain was relieved,https://journals.sagepub.com/doi/abs/10.1177/036354658701500517
[PDF][PDF] A COMPREHENSIVE STUDY OF POWERLIFTING AND WEIGHTLIFTING TECHNIQUES AND INJURIES TO ATHLETES,the purpose of this research was to study the powerlifting   weightlifting techniques   powerlifting and weightlifting players and coaches from pune district  50 weightlifting   powerlifting,https://www.wiidrj.com/_files/ugd/622008_471b50083f0b4dc891ac5f016ac2be02.pdf#page=62
Acute ulnar nerve compression syndrome in a powerlifter with triceps tendon rupture-a case report,a 31 year old powerlifter injured his left triceps in a struggle  receiving several   the elbow  this resulted in localized swelling proximal to the olecranon and a painful restriction of elbow,https://www.thieme-connect.com/products/ejournals/html/10.1055/s-2000-9468
[PDF][PDF] Investigating the Injuries in Elite Greek Powerlifting Athletes with Disabilities,in the powerlifting competitions for able bodied athletes   para powerlifters only participate   pressing it upwards to arms length until the elbows are in full extension  athletes are given,https://www.academia.edu/download/64884449/1179451229.pdf
"Minimum 2 Years Outcomes of Powerlifters and Bodybuilders with advanced Glenohumeral arthritis, managed with Stemless aspherical humeral head resurfacing …",symptomatic glenohumeral arthritis  gha  among high level bodybuilders and powerlifters is   a series of competitive or high level recreational bodybuilders and powerlifters with,https://journals.sagepub.com/doi/abs/10.1177/2325967120S00417
A Cross-Sectional Examination of Wrist Wrap Use Prevalence and Characterization for Ergogenic Purposes in Actively Competing Powerlifters,wrist wrap relationships  actively competing powerlifters nonetheless prominently utilize wraps   kinesio taping reduces elbow pain during resisted wrist extension in patients with chronic,https://digitalcommons.lindenwood.edu/faculty-research-papers/469/
Weightlifting,powerlifting is a specific type of weightlifting  the goal of powerlifting centers on lifting the   olympic weightlifters tend to injure elbows and knees  while powerlifters and crossfit,https://link.springer.com/chapter/10.1007/978-3-030-36790-9_77
A Cross-Sectional Examination of Wrist Wrap Use Prevalence and Characterization for Ergogenic Purposes in Actively Competing Powerlifters,wrist wrap relationships  actively competing powerlifters nonetheless prominently utilize wraps   kinesio taping reduces elbow pain during resisted wrist extension in patients with chronic,https://journal.iusca.org/index.php/Journal/article/view/185
[HTML][HTML] Lumbopelvic movement control in powerlifters with and without low back pain,boxplot of total movement control  mc  test battery score for the powerlifters with low back pain  lbp  and powerlifters without lbp  respectively  there was no statistical difference,https://www.sciencedirect.com/science/article/pii/S1466853X23001451
[HTML][HTML] Incidence and prevalence of weight lifting injuries: An update,and skill related to weightlifting and powerlifting  which is used   elbow dislocation is conceder a second common large joint in sport could occur for athletes  and most dislocated elbows,https://journals.lww.com/sjsm/fulltext/2016/16010/incidence_and_prevalence_of_weight_lifting.3.aspx
Prevalence and consequences of injuries in powerlifting: A cross-sectional study,in previous studies  1 powerlifters did not report the hip as a commonly injured body region to such an extent as in the present study  because the impact of squats and dead lifts on the,https://journals.sagepub.com/doi/abs/10.1177/2325967118771016
Injuries and overuse syndromes in powerlifting,can measure more than 17 192 n  while the average l4 5 and hip moments can be 988 and 1 047 nm during deadlift  the sumo deadlift seems to reduce these forces when compared,https://www.thieme-connect.com/products/ejournals/html/10.1055/s-0031-1277207
Powerlifting,arm of the hip  the low bar squat is therefore purported to increase torques acting at the hip and   the most commonly injured areas of the body in powerlifting are the shoulder and lower,https://www.taylorfrancis.com/chapters/edit/10.4324/9781315542393-35/powerlifting-sean-maloney
Safety of powerlifting: A literature review,was to analyse the literature concerning powerlifting injuries  focusing on the injury rates  areas of   the low back  shoulder and hip areas were reported as the most painful for sub elite,https://www.sciencedirect.com/science/article/pii/S0765159720302069
"Narrative review of injuries in powerlifting with special reference to their association to the squat, bench press and deadlift",also  keeping the barbell close to the body is important for improving performance and reducing the risk of injury since this decreases the hip and spinal moment arms 14 regarding the,https://bmjopensem.bmj.com/content/4/1/e000382.abstract
Classic powerlifting performance: A systematic review,to preventing injuries  since a fair amount of powerlifters seem to train injured and prioritize a   his squat has to reach legal depth  meaning the top surface of his leg closest to the hip joint,https://journals.lww.com/nsca-jscr/fulltext/2019/07001/Classic_Powerlifting_Performance__A_Systematic.21.aspx
Range of motion adaptations in powerlifters,extremity passive rom in powerlifters using goniometric analysis at the gh  hip  knee  and   prevent injury in powerlifters  the limitations of this study must be acknowledged  although,https://journals.lww.com/nsca-jscr/fulltext/2018/11000/range_of_motion_adaptations_in_powerlifters.4.aspx
Medical history associated with adolescent powerlifting,the population sustained 98 powerlifting injuries which caused   powerlifting injury  were investigated  the low back region was shown to be the site with the greatest number of injuries,https://publications.aap.org/pediatrics/article-abstract/72/5/636/49023
Coping with injury in powerlifting: Stress-injury model perspective,mechanisms used by competitive powerlifters in stressful and injury events  the stressors   other injuries included hip  glutes  hamstring  wrist and knee  participants were asked to,https://jyx.jyu.fi/handle/123456789/54461
Pain and injury associated with powerlifting training in visually impaired athletes,powerlifting is a sport consisting of the squat  bench press  and deadlift  the goal of the powerlifter   since the mid 1960s  powerlifting has gained popularity as a competitive sport and as,https://journals.sagepub.com/doi/pdf/10.1177/0145482X9909300406
Incidence and characteristics of acute and overuse injuries in elite powerlifters,of injury in german elite powerlifters  a total of n   57 competitive athletes of the german powerlifting federation completed a retrospective survey regarding acute and overuse injuries,https://www.tandfonline.com/doi/abs/10.1080/2331205X.2019.1588192
[HTML][HTML] Epidemiology of hip pain in Brazilian bodybuilders,hip injuries and labral tears in the national football league  am j sports med  2008 36 11  2187 95  however  studies on hip injuries   of all injuries among weightlifters and powerlifters,https://www.scielo.br/j/aob/a/P4QbQBnFztyvV3Pt4rtwxsd/
The effect of increasing loading on powerlifting movement form during the squat and deadlift,for powerlifting athletes of between 33   47  of total injuries  keogh et al   2006  raske     capsule injuries are particularly high in powerlifting athletes  approximately 30  of total injuries,https://rua.ua.es/dspace/handle/10045/57514
Content validity index and reliability of a new protocol for evaluation of lifting technique in the powerlifting squat and deadlift,hip is a commonly reported injury site among powerlifters   28  influence the biomechanics of the hip  an example of this is the   hip flexion essential for the squat and deadlift  puts the hip,https://journals.lww.com/nsca-jscr/fulltext/2020/09000/Content_Validity_Index_and_Reliability_of_a_New.17.aspx
Stretching practices of international powerlifting federation unequipped powerlifters,powerlifters have been shown to have distinct rom deficits   shoulder joint and decreased active hip and knee flexion rom     been injured at some point during their time as a powerlifter,https://journals.lww.com/nsca-jscr/fulltext/2022/12000/stretching_practices_of_international_powerlifting.25.aspx
"[PDF][PDF] Incidences of injuries and the difference in sleep, stress and physical activity among powerlifters.: A retrospective study",participants with hip injury slept less on average and experienced more frequently sleep disrupts  p  02  p  015  appendix 1  table 16  and table 17   participants with thoracic,https://www.diva-portal.org/smash/get/diva2:1452602/FULLTEXT01.pdf
Injuries and overuse syndromes in competitive and elite bodybuilding,issue for the disciplines of powerlifting and olympic weightlifting    estimated injury rates in powerlifting  weightlifting and   cited for weightlifting  powerlifting or strongman competition,https://www.thieme-connect.com/products/ejournals/html/10.1055/s-0034-1367049
"A biomechanical comparison of the traditional squat, powerlifting squat, and box squat",injuries when performing variations such as the powerlifting   that powerlifters intentionally emphasize hip extension when   moment at the hip  the powerlifting squat also produced the,https://journals.lww.com/nsca-jscr/fulltext/2012/07000/A_Biomechanical_Comparison_of_the_Traditional.10.asp
"[DOC][DOC] Retrospective injury epidemiology of competitive powerlifters: The effect of age, body mass, competitive standard and gender.",a basis for injury prevention initiatives in powerlifting  self reported retrospective injury data for   the squat involves placing a loaded barbell on the shoulders  flexing at the hip and knee,https://www.researchgate.net/profile/Justin-Keogh/publication/6850671_Retrospective_Injury_Epidemiology_of_One_Hundred_One_Competitive_Oceania_Power_Lifters_The_Effects_of_Age_Body_Mass_Competitive_Standard_and_Gender/links/54d4572a0cf2970e4e6311f4/Retrospective-Injury-Epidemiology-of-One-Hundred-One-Competitive-Oceania-Power-Lifters-The-Effects-of-Age-Body-Mass-Competitive-Standard-and-Gender
"[BOOK][B] Powerlifting: The complete guide to technique, training, and competition",many powerlifters lack general knowledge in nutrition  all powerlifters spend a lot of time   during the workout  and be less likely to get injured  this chapter introduces you to the basics of,https://books.google.com/books?hl=en&lr=&id=M38REAAAQBAJ&oi=fnd&pg=PR1&dq=hip+injury+powerlifting&ots=7NYRG_wgND&sig=KVVHZJr4iaEihfbPqGfPt96EBQ4
Comparison of muscle strength imbalance in powerlifters and jumpers,6   investigated the peak hip abduction torque production of 42 healthy subjects  the     or more in hip extension or knee flexion was associated with a higher risk for injury   7,https://journals.lww.com/nsca-jscr/fulltext/2014/01000/Comparison_of_Muscle_Strength_Imbalance_in.4.aspx
"Retrospective injury epidemiology of one hundred one competitive Oceania power lifters: the effects of age, body mass, competitive standard, and gender",at the hip and knee joints  and descending until the superior surface of the thigh at the hip joint   pain and injury associated with powerlifting training in visually impaired athletes  j  visual,https://journals.lww.com/nsca-jscr/abstract/2006/08000/Retrospective_Injury_Epidemiology_of_One_Hundred.32.asp
Hip and knee kinetics during a back squat and deadlift,however  there was more hip pjw during the deadlift compared with the back squat  3 22    hip extensor njm and pjw during the deadlift suggest that individuals targeting their hip,https://journals.lww.com/nsca-jscr/fulltext/2021/05000/Hip_and_Knee_Kinetics_During_a_Back_Squat_and.26.aspx
The relationship between strength and flexibility in powerlifters,secondly  male powerlifters have less range of motion  rom  on average than     hip  and knee  finally  the areas with less rom correspond with common areas of injury in powerlifters,https://openrepository.aut.ac.nz/handle/10292/15225
The influence of powerlifting on pain frequency in the musculoskeletal system,of the legs at the hip joint is lower than the   injuries and overtraining in powerlifting   at the same time  the authors of this paper point out that the occurrence of injuries in powerlifting,https://apcz.umk.pl/JEHS/article/view/6874
The epidemiology of injuries across the weight-training sports,who examined the retrospective injury epidemiology of 71 adolescent powerlifters aged 14   larger knee resistance moment arm and smaller hip lower back resistance moment arm than,https://link.springer.com/article/10.1007/s40279-016-0575-0?__s=qqqhhdbi7bnenmayg3dr&error=cookies_not_supported&code=fd635d14-4c96-4e4f-8150-70ad85c83413
[HTML][HTML] Best Beginner Powerlifting Programs,after descending to below parallel  eg when the crease of the hip   injuries are reported per 1 000 participation hours  this data suggests that the injury rates for bodybuilding  powerlifting,https://www.barbellmedicine.com/blog/best-beginner-powerlifting-programs/
[PDF][PDF] A comparison between the squat and the deadlift for lower body strength and power training,the risk of injury  especially when the deadlift is performed    several similarities when analogue hip and knee joint angles   athletes competing in powerlifting events are usually able to lift,https://sciendo.com/pdf/10.2478/hukin-2019-0139
[HTML][HTML] Lumbopelvic movement control in powerlifters with and without low back pain,injuries in powerlifting  however  lumbopelvic movement control is frequently emphasized as a potential risk factor for injuries   pain in the following body regions  hip groin thigh  n   6,https://www.sciencedirect.com/science/article/pii/S1466853X23001451
Injury incidence and prevalence among elite weight and power lifters,injuries among elite weight lifters and power lifters  with a special focus on shoulder injuries and possible injury   and female elite lifters to evaluate injuries and training characteristics  a,https://journals.sagepub.com/doi/abs/10.1177/03635465020300021701
Injuries and overuse syndromes in powerlifting,injuries as well as the influence of intrinsic and extrinsic factors  data of 245 competitive and elite powerlifters   information regarding current workout routines and retrospective injury,https://www.thieme-connect.com/products/ejournals/html/10.1055/s-0031-1277207
Prevalence and consequences of injuries in powerlifting: A cross-sectional study,injuries and possible risk factors for an injury in powerlifters showed that injury rates in powerlifting seem relatively low  1 0 4 4 injuries 1000 hours of training   with an injury being,https://journals.sagepub.com/doi/abs/10.1177/2325967118771016
Powerlifting,the most commonly injured areas of the body in powerlifting are the shoulder and lower   the risk of injury  there are common features to all successful powerlifting programmes  such as,https://www.taylorfrancis.com/chapters/edit/10.4324/9781315542393-35/powerlifting-sean-maloney
"Narrative review of injuries in powerlifting with special reference to their association to the squat, bench press and deadlift",during training  the lifter then lowers the body by flexing at the hip  knee and ankle joints until   hip extensors  hip adductors  hip abductors  knee extensors and ankle plantar flexors 10,https://bmjopensem.bmj.com/content/4/1/e000382.abstract
Safety of powerlifting: A literature review,analyse the literature concerning powerlifting injuries  focusing on the injury rates  areas of   to compare sumo and traditional deadlift using the ankle  knee and hip joints with a three,https://www.sciencedirect.com/science/article/pii/S0765159720302069
The epidemiology of injuries in powerlifting at the L ondon 2012 P aralympic G ames: An analysis of 1411 athlete‐days,of note  three foot and ankle injuries were seen in the paralympic powerlifters  which may have occurred in the competition period however not during the competition itself  for example,https://onlinelibrary.wiley.com/doi/abs/10.1111/sms.12554
Association between ACE I/D polymorphism and powerlifting performance,basketball athletes  50 ankles  participated in this study  these ankles were classified into four   the circumstances of the injury using the video footage of the time of injury   results  the,https://www.jstage.jst.go.jp/article/jpfsm/11/6/11_420/_article/-char/ja/
Range of motion adaptations in powerlifters,powerlifters relative to controls with minimal weight training experience  passive rom of the gh  hip  knee  and ankle   and potentially prevent injury in powerlifters  the limitations of this,https://journals.lww.com/nsca-jscr/fulltext/2018/11000/range_of_motion_adaptations_in_powerlifters.4.aspx
[PDF][PDF] A COMPREHENSIVE STUDY OF POWERLIFTING AND WEIGHTLIFTING TECHNIQUES AND INJURIES TO ATHLETES,the power lifters and weightlifter face injuries in wrist  ankle  knees and back spine  to achieve excellence and good sportsskills players should have good physical ability  potential and,https://www.wiidrj.com/_files/ugd/622008_471b50083f0b4dc891ac5f016ac2be02.pdf#page=62
Coping with injury in powerlifting: Stress-injury model perspective,powerlifting  the purpose of this thesis was to examine competition and life stressors  experiences related to injury  and coping mechanisms in competitive powerlifters     injury model as,https://jyx.jyu.fi/handle/123456789/54461
Medical history associated with adolescent powerlifting,the population sustained 98 powerlifting injuries which caused   powerlifting injury  were investigated  the low back region was shown to be the site with the greatest number of injuries,https://publications.aap.org/pediatrics/article-abstract/72/5/636/49023
[CITATION][C] Wretched Shoulders-Powerlifting: 1263,,No link available
[PDF][PDF] Investigating the Injuries in Elite Greek Powerlifting Athletes with Disabilities,sport has increased  the existing literature on sports injuries has not been   of injuries in para powerlifting athletes  the sample of the research consisted of 11 elite powerlifting athletes,https://www.academia.edu/download/64884449/1179451229.pdf
Weightlifting,injuries in competitive powerlifters in comparison to competitive weightlifters  the bench press may predispose powerlifters to rotator cuff injuries   the foot ankle injuries accounted for  7 9,https://link.springer.com/chapter/10.1007/978-3-030-66321-6_32
The association between static biomechanical parameters and musculoskeletal injury in lower extremities in male recreational weight trainers,musculoskeletal injuries in specific weight training populations such as powerlifters    the hip  knee and ankle are associated with musculoskeletal injury in the lower extremities,https://openscholar.dut.ac.za/handle/10321/4998
[PDF][PDF] FOAM ROLLING AND NEURODYNAMIC MOBILIZATION: AN EVALUATION OF PAIN PERCEPTION DYNAMICS AMONG POWERLIFTERS.,of plantar flexion of the left ankle and the results of the standing   narrative review of injuries in powerlifting with special   prevalence and consequences of injuries in powerlifting  a,https://www.researchgate.net/profile/Agne-Slapsinskaite-Dackeviciene/publication/362249245_Foam_rolling_and_neurodynamic_mobilization_an_evaluation_of_pain_perception_dynamics_among_powerlifters/links/62e3cbcf3c0ea8788765d526/Foam-rolling-and-neurodynamic-mobiliztion-an-evaluation-of-pain-perception-dynamics-among-powerlifters.pdf
Injury incidence and prevalence among elite weight and power lifters,the purpose of this study was to investigate the incidence and prevalence of injuries among elite weight lifters and power lifters  with a special focus on shoulder injuries and possible,https://journals.sagepub.com/doi/abs/10.1177/03635465020300021701
"A biomechanical comparison of the traditional squat, powerlifting squat, and box squat",ankle  for both joints  the largest peak moment was produced during the traditional squat  followed by the powerlifting   back injuries when performing variations such as the powerlifting,https://journals.lww.com/nsca-jscr/fulltext/2012/07000/A_Biomechanical_Comparison_of_the_Traditional.10.asp
The epidemiology of injuries across the weight-training sports,injury epidemiology of 71 adolescent powerlifters aged 14   most commonly reported injuries in powerlifting  bodybuilding    of the hip  knee  and ankle compared with sedentary controls,https://link.springer.com/article/10.1007/s40279-016-0575-0?__s=qqqhhdbi7bnenmayg3dr&error=cookies_not_supported&code=fd635d14-4c96-4e4f-8150-70ad85c83413
Common injuries related to weightlifting: MR imaging perspective,competitive weightlifting and powerlifting are   some world records in powerlifting exceed the body weight    a  sagittal t1 weighted image of the ankle shows marked,https://www.thieme-connect.com/products/ejournals/html/10.1055/s-2005-923375
Pain and injury associated with powerlifting training in visually impaired athletes,therefore  a sudden severe headache associated with powerlifting training should be   powerlifting training was associated with an elevation in muscle pull injuries  however  the,https://journals.sagepub.com/doi/pdf/10.1177/0145482X9909300406
A biomechanical investigation of contemporary powerlifting training practices and their potential application to athletic development.,exercise characteristic of those conventionally used by powerlifters   at the hip and reduced kinetic output at the ankle joint    is an important aspect of managing injury risk  stone  stone,https://rgu-repository.worktribe.com/output/248314
[HTML][HTML] Plantar pressure distribution in female olympic-style weightlifters,ankle and knee joints  21    disorders of the feet are one of the factors that can increase the risk of injury  1  sport influence on footprints of colombian s powerlifters  swimmers and field,https://www.mdpi.com/1660-4601/17/8/2669
[PDF][PDF] What is the best squat and deadlift technique?,traditional powerlifting technique  for the back squat 44   of the participants chose the powerlifting   the players were categorized as either having ankle instability  5 injured subjects  or,https://www.researchgate.net/profile/Ulrika-Aasa/publication/281621226_What_is_the_best_squat_and_deadlift_technique/links/569917f808aea14769432457/What-is-the-best-squat-and-deadlift-technique.pdf
Effect of ankle mobility and segment ratios on trunk lean in the barbell back squat,common injuries caused by weight training are injuries   ankle mobility and trunk lean  furthermore  it is the required depth in the international powerlifting federation s  ipf  powerlifting,https://journals.lww.com/nsca-jscr/fulltext/2017/11000/Effect_of_Ankle_Mobility_and_Segment_Ratios_on.11.aspx
"[BOOK][B] Powerlifting: The complete guide to technique, training, and competition",injuries such as sprained ankles or fingers  if you don t feel better after 8 to 12 weeks  it isn t likely to help  glucosamine and chondroitin come from shellfish  so don t take supplements if,https://books.google.com/books?hl=en&lr=&id=M38REAAAQBAJ&oi=fnd&pg=PR1&dq=ankle+injury+powerlifting&ots=7NYRG_wgNK&sig=ZJZnAGRYSLCxFpQ2AQtxpWsH-8w
"[PDF][PDF] THE BIOMECHANICAL, PRINCIPLES OF PREVENTING, WEIGHTLIFTING",injury in the weight training and powerlifting population   brown and kimball reported that 50  of all injuries in adolescent powerlifters   extension at the knee and ankle  the majority of,https://www.researchgate.net/profile/Joseph-D-Fortin/publication/200153822_The_Biomechanical_Principles_of_Preventing_Weightlifting_Injuries/links/5d826c36458515cbd1983862/The-Biomechanical-Principles-of-Preventing-Weightlifting-Injuries.pdf
[PDF][PDF] Evaluation of Biomechanical Movements and Injury Risk Factors in Weight Lifting (Snatch),this shows that athletes can exert five times greater force than the injury threshold in contrast to the inversion moment of the ankle  which is actively performed for a powerful last pull,https://scholar.archive.org/work/ogkwss6z2vhvhag6g3csiqitfq/access/wayback/http://www.ndsl.kr/soc_img/society/kssb/OOOSBL/2016/v26n4/OOOSBL_2016_v26n4_369.pdf
"Successful Powerlifting in a Unilateral, Transtibial Amputee: A Descriptive Case Series",the subject reported that he elected for his limb to be amputated 17 years after sustaining an injury   a semicircular foam pad was placed immediately proximal to both ankle joints before,"https://journals.lww.com/nsca-jscr/fulltext/2024/05000/successful_powerlifting_in_a_unilateral,.29.aspx"
[PDF][PDF] The Epidemiology of Injuries Across the Weight Training Sports: A Systematic Review,injury  weightlifting  powerlifting  bodybuilding  strongman  highland games and crossfit so to identify injury   arthritis of the hip  knee and ankle compared to sedentary controls  however,https://www.researchgate.net/profile/Paul-Winwood/publication/303862501_THE_EPIDEMIOLOGY_OF_INJURIES_ACROSS_THE_WEIGHT_TRAINING_SPORTS_A_SYSTEMATIC_REVIEW/links/59eeeca7a6fdcc32187ddde9/THE-EPIDEMIOLOGY-OF-INJURIES-ACROSS-THE-WEIGHT-TRAINING-SPORTS-A-SYSTEMATIC-REVIEW.pdf
